{"volume (AA^3)": [38.42405829999999, 40.825561943749996, 43.22706558749999, 45.62856923125, 48.030072875, 50.43157651875, 52.8330801625, 55.23458380625, 57.636087450000005], "energies (eV)": [-13.31641116, -16.60853808, -19.00262758, -20.716121, -21.89565641, -22.69179851, -23.18382774, -23.44334766, -23.51884797]}