{"kpts (1)": [[3, 3, 3], [5, 5, 5], [7, 7, 7], [9, 9, 9], [11, 11, 11]], "energies (eV)": [-22.21696729, -21.82233271, -21.92032086, -21.88784688, -21.89565641]}