{"kpts (1)": [[3, 3, 3], [5, 5, 5], [7, 7, 7], [9, 9, 9], [11, 11, 11]], "energies (eV)": [-32.20727694, -32.26356243, -32.3103213, -32.33910042, -32.340256]}