{"kpts (1)": [[3, 3, 3], [5, 5, 5], [7, 7, 7], [9, 9, 9], [11, 11, 11]], "energies (eV)": [-15.01647363, -16.10463964, -15.98372121, -16.03046673, -16.02755359]}