{"kpts (1)": [[3, 3, 3], [5, 5, 5], [7, 7, 7], [9, 9, 9]], "energies (eV)": [-14.4196045, -14.803892, -14.94916124, -14.95127369]}