{"volume (AA^3)": [32.71064106753872, 34.755056134259874, 36.79947120098103, 38.84388626770224, 40.88830133442339, 42.93271640114457, 44.977131467865725, 47.021546534586925, 49.06596160130806], "energies (eV)": [-30.11900008, -31.22473926, -31.89571928, -32.24158277, -32.340256, -32.25715676, -32.03577315, -31.71103794, -31.31026008]}