{"volume (AA^3)": [38.42405829999999, 40.82556194374998, 43.22706558749999, 45.62856923125001, 48.03007287499999, 50.43157651875, 52.83308016250001, 55.23458380625002, 57.636087450000005], "energies (eV)": [-13.64356353, -14.29531883, -14.68853166, -14.89040913, -14.9512737, -14.90598222, -14.78178244, -14.59235555, -14.36977411]}