{"kpts (1)": [[3, 3, 3], [5, 5, 5], [7, 7, 7], [9, 9, 9]], "energies (eV)": [-14.41960464, -14.80388709, -14.94916144, -14.95127373]}