{"encut (eV)": [200, 210, 220, 230, 240, 250, 260, 270, 280, 290, 300], "energies (eV)": [-30.45312156, -31.17999216, -31.35418219, -31.72939306, -31.98368852, -32.10948419, -32.16847343, -32.2214762, -32.24495098, -32.26032795, -32.26356243]}