{"encut (eV)": [100, 110, 120, 130, 140, 150, 160, 170, 180, 190, 200, 210, 220, 230, 240, 250, 260, 270, 280, 290, 300, 310, 320], "energies (eV)": [1079.22619076, 762.09876732, 486.09109211, 285.98546827, 160.34762901, 84.02269475, 45.07037172, 19.35640272, 5.72805667, -2.05332989, -6.54241298, -10.60728821, -11.86435899, -13.0551276, -13.95561447, -14.41167962, -14.56285343, -14.61884511, -14.69530867, -14.74477099, -14.77988844, -14.79477173, -14.803892]}