{"encut (eV)": [100, 110, 120, 130, 140, 150, 160, 170, 180, 190, 200, 210, 220, 230, 240, 250, 260, 270, 280, 290, 300, 310, 320], "energies (eV)": [1079.22619497, 762.09876879, 486.09109934, 285.9854658, 160.34762583, 84.02269451, 45.07037332, 19.35640294, 5.72805966, -2.05332487, -6.54240645, -10.60728384, -11.86435488, -13.05512273, -13.95560989, -14.41167423, -14.56284754, -14.61883987, -14.69530398, -14.74476682, -14.77988343, -14.79476703, -14.80388709]}