{"encut (eV)": [200, 210, 220, 230, 240, 250, 260, 270, 280], "energies (eV)": [-15.45132715, -15.63216481, -15.717751, -15.86679171, -15.98697202, -16.03655715, -16.07530924, -16.09645464, -16.10463964]}