{"volume (AA^3)": [38.42405829999999, 40.825561943749996, 43.22706558749999, 45.62856923125, 48.030072875, 50.43157651875, 52.8330801625, 55.23458380625, 57.636087450000005], "energies (eV)": [-13.64356356, -14.2953189, -14.68853173, -14.89040916, -14.9512737, -14.90598224, -14.78178249, -14.59235553, -14.36977393]}