{"a (AA)": [2.2368, 2.2368, 2.2368, 2.2368, 2.2368, 2.2368, 2.2368, 2.2368, 2.2368, 2.2601, 2.2601, 2.2601, 2.2601, 2.2601, 2.2601, 2.2601, 2.2601, 2.2601, 2.2834, 2.2834, 2.2834, 2.2834, 2.2834, 2.2834, 2.2834, 2.2834, 2.2834, 2.3067, 2.3067, 2.3067, 2.3067, 2.3067, 2.3067, 2.3067, 2.3067, 2.3067, 2.33, 2.33, 2.33, 2.33, 2.33, 2.33, 2.33, 2.33, 2.33, 2.3533, 2.3533, 2.3533, 2.3533, 2.3533, 2.3533, 2.3533, 2.3533, 2.3533, 2.3766000000000003, 2.3766000000000003, 2.3766000000000003, 2.3766000000000003, 2.3766000000000003, 2.3766000000000003, 2.3766000000000003, 2.3766000000000003, 2.3766000000000003, 2.3999, 2.3999, 2.3999, 2.3999, 2.3999, 2.3999, 2.3999, 2.3999, 2.3999, 2.4232, 2.4232, 2.4232, 2.4232, 2.4232, 2.4232, 2.4232, 2.4232, 2.4232], "c/a (1)": [1.689270386266094, 1.7068669527896994, 1.7244635193133047, 1.7420600858369095, 1.7596566523605148, 1.7772532188841201, 1.794849785407725, 1.8124463519313303, 1.8300429184549354, 1.689270386266094, 1.7068669527896994, 1.7244635193133047, 1.7420600858369095, 1.7596566523605148, 1.7772532188841201, 1.794849785407725, 1.8124463519313303, 1.8300429184549354, 1.689270386266094, 1.7068669527896994, 1.7244635193133047, 1.7420600858369095, 1.7596566523605148, 1.7772532188841201, 1.794849785407725, 1.8124463519313303, 1.8300429184549354, 1.689270386266094, 1.7068669527896994, 1.7244635193133047, 1.7420600858369095, 1.7596566523605148, 1.7772532188841201, 1.794849785407725, 1.8124463519313303, 1.8300429184549354, 1.689270386266094, 1.7068669527896994, 1.7244635193133047, 1.7420600858369095, 1.7596566523605148, 1.7772532188841201, 1.794849785407725, 1.8124463519313303, 1.8300429184549354, 1.689270386266094, 1.7068669527896994, 1.7244635193133047, 1.7420600858369095, 1.7596566523605148, 1.7772532188841201, 1.794849785407725, 1.8124463519313303, 1.8300429184549354, 1.689270386266094, 1.7068669527896994, 1.7244635193133047, 1.7420600858369095, 1.7596566523605148, 1.7772532188841201, 1.794849785407725, 1.8124463519313303, 1.8300429184549354, 1.689270386266094, 1.7068669527896994, 1.7244635193133047, 1.7420600858369095, 1.7596566523605148, 1.7772532188841201, 1.794849785407725, 1.8124463519313303, 1.8300429184549354, 1.689270386266094, 1.7068669527896994, 1.7244635193133047, 1.7420600858369095, 1.7596566523605148, 1.7772532188841201, 1.794849785407725, 1.8124463519313303, 1.8300429184549354], "energies (eV)": [-15.16226884, -15.23061718, -15.2867108, -15.33169191, -15.36603464, -15.39089293, -15.40730529, -15.41549902, -15.41640931, -15.46663561, -15.51757243, -15.55723804, -15.58657389, -15.60652267, -15.61780265, -15.62092521, -15.61697467, -15.60670264, -15.71204536, -15.74710562, -15.77179601, -15.78699098, -15.79365113, -15.79202597, -15.78387146, -15.76878852, -15.74807977, -15.90411972, -15.924513, -15.93572049, -15.93802185, -15.93206905, -15.91952247, -15.90067485, -15.87585981, -15.84585171, -16.04793076, -16.05493427, -16.05347761, -16.04378497, -16.02755296, -16.00455737, -15.97598307, -15.94219593, -15.90362729, -16.14819961, -16.14304202, -16.1300532, -16.10994494, -16.08366166, -16.0516716, -16.01425545, -15.97212618, -15.92593958, -16.20910705, -16.19280145, -16.16981325, -16.14016756, -16.10474931, -16.06428598, -16.01888175, -15.96952178, -15.91634366, -16.23430195, -16.20847516, -16.17574449, -16.13775474, -16.09411914, -16.04596086, -15.9933256, -15.93713877, -15.87760701, -16.22844055, -16.19333809, -16.15248767, -16.10618719, -16.05521591, -16.00008944, -15.94102145, -15.87873347, -15.81335294]}