{"volume (AA^3)": [38.42405829999999, 40.825561943749996, 43.22706558749999, 45.62856923125, 48.030072875, 50.43157651875, 52.8330801625, 55.23458380625, 57.636087450000005], "energies (eV)": [-13.6435637, -14.29531886, -14.68853165, -14.89040916, -14.95127373, -14.90598221, -14.78178239, -14.59235566, -14.36977442]}