{"encut (eV)": [100, 110, 120, 130, 140, 150, 160, 170, 180, 190, 200, 210, 220, 230, 240, 250, 260, 270, 280], "energies (eV)": [313.3711579, 187.24599215, 101.37128062, 53.16308014, 18.78739791, 1.99592775, -7.89135377, -14.36458604, -18.13222121, -20.37714454, -21.43193585, -22.43712625, -22.84403649, -23.13749664, -23.32399756, -23.40918313, -23.45058177, -23.48379568, -23.4934821]}