{"volume change (1)": [0.8, 0.8500000000000001, 0.9000000000000001, 0.9500000000000002, 1.0000000000000002, 1.0500000000000003, 1.1000000000000003, 1.1500000000000004, 1.2000000000000004], "energies (eV)": [-30.11900008, -31.22473926, -31.89571928, -32.24158277, -32.340256, -32.25715676, -32.03577315, -31.71103794, -31.31026008]}